Name,Age,Gender,Math_Score,Science_Score,English_Score,Average
John,18,Male,69,90,77,78.66666666666667
Priya,17,Female,60,62,69,63.666666666666664
Alex,18,Male,55,85,60,66.66666666666667
Meena,19,Female,62,79,72,71.0
Rahul,17,Male,90,48,59,65.66666666666667
Sara,18,Female,93,87,96,92.0
David,19,Male,50,93,80,74.33333333333333
Kavya,17,Female,92,45,84,73.66666666666667
Vikram,18,Male,69,74,74,72.33333333333333
Anita,19,Female,73,72,91,78.66666666666667
